Model,Accuracy,F1 Score
Neural Network,0.5081967213114754,0.5161290322580645
Logistic Regression,0.36065573770491804,0.4
Random Forest,0.4262295081967213,0.38596491228070173
